,Fvar,frequency,frequency_strength,slope,R,std,mean,median,name
0,,,,,,,,,455266768453-light-curves
1,,,,,,,,,51539983161-light-curves
2,,,,,,,,,51540599924-light-curves
3,,,,,,,,,661425968103-light-curves
4,,,,,,,,,283469081569-light-curves
5,,,,,,,,,661434645844-light-curves
6,,,,,,,,,575526084438-light-curves
7,,,,,,,,,300648985088-light-curves
8,,,,,,,,,661426099447-light-curves
9,,,,,,,,,240518534173-light-curves
10,,,,,,,,,661426226305-light-curves
11,,,,,,,,,661430345306-light-curves
12,,,,,,,,,661425760763-light-curves
13,,,,,,,,,661425901781-light-curves
14,,,,,,,,,661426970912-light-curves
15,,,,,,,,,661430982250-light-curves
16,,,,,,,,,34360900140-light-curves
17,,,,,,,,,661432004123-light-curves
18,,,,,,,,,661430457159-light-curves
19,,,,,,,,,661427436372-light-curves
20,,,,,,,,,438087133107-light-curves
21,,,,,,,,,77310714964-light-curves
22,,,,,,,,,661431843838-light-curves
23,,,,,,,,,481036934387-light-curves
24,,,,,,,,,661426184029-light-curves
25,,,,,,,,,661426202618-light-curves
26,,,,,,,,,146030198227-light-curves
27,,,,,,,,,549756934381-light-curves
28,,,,,,,,,661425704484-light-curves
29,,,,,,,,,661432314200-light-curves
30,,,,,,,,,661434926383-light-curves
31,,,,,,,,,661432032922-light-curves
32,,,,,,,,,661430478842-light-curves
33,,,,,,,,,661431043742-light-curves
34,,,,,,,,,128850296103-light-curves
35,,,,,,,,,85900820588-light-curves
36,,,,,,,,,661434947661-light-curves
37,,,,,,,,,661434617839-light-curves
38,,,,,,,,,661430773886-light-curves
39,,,,,,,,,661430847787-light-curves
40,,,,,,,,,661434667829-light-curves
41,,,,,,,,,661432314172-light-curves
42,,,,,,,,,292058876141-light-curves
43,,,,,,,,,438087787336-light-curves
44,,,,,,,,,661434602448-light-curves
45,,,,,,,,,661432075411-light-curves
46,,,,,,,,,661431983516-light-curves
47,,,,,,,,,103080565323-light-curves
48,,,,,,,,,661427167435-light-curves
49,,,,,,,,,661431836489-light-curves
50,,,,,,,,,214749111855-light-curves(1)
51,,,,,,,,,661430792604-light-curves
52,,,,,,,,,137439396643-light-curves
53,,,,,,,,,60130590013-light-curves
54,,,,,,,,,249108199763-light-curves
55,,,,,,,,,661430715565-light-curves
56,,,,,,,,,146030090281-light-curves
57,,,,,,,,,661430841459-light-curves
58,,,,,,,,,661430364386-light-curves
59,,,,,,,,,661427337426-light-curves
60,,,,,,,,,661430463745-light-curves
61,,,,,,,,,661426517123-light-curves
62,,,,,,,,,661427412422-light-curves
63,,,,,,,,,661431295346-light-curves
64,,,,,,,,,360777318129-light-curves
65,,,,,,,,,609886332879-light-curves
66,,,,,,,,,661431008753-light-curves
67,,,,,,,,,197568531637-light-curves
68,,,,,,,,,377957862504-light-curves
69,,,,,,,,,360777904015-light-curves
70,,,,,,,,,360777877912-light-curves(1)
71,,,,,,,,,197569743716-light-curves
72,,,,,,,,,498216347609-light-curves
73,,,,,,,,,661426998183-light-curves
74,,,,,,,,,292058611235-light-curves
75,,,,,,,,,661430518837-light-curves
76,,,,,,,,,292057988740-light-curves
77,,,,,,,,,231929336310-light-curves
78,,,,,,,,,438086942128-light-curves
79,,,,,,,,,661427490093-light-curves
80,,,,,,,,,17179988583-light-curves
81,,,,,,,,,231928827015-light-curves
82,,,,,,,,,661434963179-light-curves
83,,,,,,,,,661431630851-light-curves
84,,,,,,,,,661434889104-light-curves
85,,,,,,,,,60129589448-light-curves
86,,,,,,,,,661425819427-light-curves
87,,,,,,,,,661426856184-light-curves
88,,,,,,,,,429497221651-light-curves
89,,,,,,,,,206159260275-light-curves
90,,,,,,,,,326418680715-light-curves
91,,,,,,,,,661432318164-light-curves
92,,,,,,,,,34359800117-light-curves
93,,,,,,,,,214749111855-light-curves
94,,,,,,,,,661430492343-light-curves
95,,,,,,,,,214749718289-light-curves
96,,,,,,,,,661430607288-light-curves(5)
97,,,,,,,,,661431383978-light-curves
98,,,,,,,,,240518435173-light-curves
99,,,,,,,,,661425874591-light-curves
100,,,,,,,,,661427364573-light-curves
101,,,,,,,,,661434926411-light-curves
102,,,,,,,,,51539733744-light-curves
103,,,,,,,,,661432297007-light-curves
104,,,,,,,,,549755860978-light-curves
105,,,,,,,,,249108434891-light-curves
106,,,,,,,,,326418019542-light-curves
107,,,,,,,,,335007704088-light-curves
108,,,,,,,,,661431844318-light-curves
109,,,,,,,,,661431953044-light-curves
110,,,,,,,,,661427500457-light-curves
111,,,,,,,,,128849065063-light-curves
112,,,,,,,,,661427416757-light-curves
113,,,,,,,,,661431125448-light-curves
114,,,,,,,,,85899648398-light-curves
115,,,,,,,,,661434927846-light-curves
116,,,,,,,,,661425619053-light-curves
117,,,,,,,,,661432029555-light-curves
118,,,,,,,,,369367774389-light-curves
119,,,,,,,,,661437406537-light-curves
120,,,,,,,,,661434886753-light-curves
121,,,,,,,,,120259321366-light-curves
122,,,,,,,,,85900045085-light-curves
123,,,,,,,,,661434589486-light-curves
124,,,,,,,,,231928780452-light-curves
125,,,,,,,,,34360697087-light-curves
126,,,,,,,,,214748745868-light-curves
127,,,,,,,,,661426189675-light-curves
128,,,,,,,,,661431024196-light-curves
129,,,,,,,,,661430486128-light-curves
130,,,,,,,,,257698174083-light-curves
131,,,,,,,,,223339699150-light-curves
132,,,,,,,,,532576412113-light-curves
133,,,,,,,,,171799020346-light-curves
134,,,,,,,,,661430415490-light-curves
135,,,,,,,,,661431898338-light-curves
136,,,,,,,,,661427365255-light-curves
137,,,,,,,,,661434926459-light-curves
138,,,,,,,,,661431175158-light-curves
139,,,,,,,,,163210016252-light-curves
140,,,,,,,,,661431002828-light-curves
141,,,,,,,,,661434926408-light-curves
142,,,,,,,,,188979110060-light-curves
143,,,,,,,,,661430920237-light-curves
144,,,,,,,,,661430422670-light-curves
145,,,,,,,,,575526611075-light-curves
146,,,,,,,,,661431888743-light-curves
147,,,,,,,,,223339604130-light-curves
148,,,,,,,,,103079438743-light-curves
149,,,,,,,,,661430467352-light-curves
150,,,,,,,,,180389128055-light-curves
151,,,,,,,,,661434888909-light-curves
152,,,,,,,,,8591175168-light-curves
153,,,,,,,,,661431814122-light-curves
154,,,,,,,,,661430495144-light-curves
155,,,,,,,,,283467865560-light-curves
156,,,,,,,,,369368150655-light-curves
157,,,,,,,,,661435040176-light-curves
158,,,,,,,,,661427400323-light-curves
159,,,,,,,,,386548195092-light-curves
160,,,,,,,,,661431919194-light-curves
161,,,,,,,,,360778269255-light-curves
162,,,,,,,,,575526200586-light-curves
163,,,,,,,,,661434926380-light-curves
164,,,,,,,,,635655364086-light-curves
165,,,,,,,,,661434646937-light-curves
166,,,,,,,,,257699321043-light-curves
167,,,,,,,,,661426418536-light-curves
168,,,,,,,,,661428844968-light-curves
169,,,,,,,,,661432035735-light-curves
170,,,,,,,,,661430353966-light-curves
171,,,,,,,,,377957369766-light-curves
172,,,,,,,,,661432311582-light-curves
173,,,,,,,,,661425592465-light-curves
174,,,,,,,,,661425759011-light-curves
175,,,,,,,,,386547181332-light-curves
176,,,,,,,,,661427126233-light-curves
177,,,,,,,,,661432034403-light-curves
178,,,,,,,,,661434975898-light-curves
179,,,,,,,,,34359763437-light-curves
180,,,,,,,,,661434614467-light-curves
181,,,,,,,,,197568501706-light-curves
182,,,,,,,,,661426534754-light-curves
183,,,,,,,,,661431855978-light-curves
184,,,,,,,,,369368276782-light-curves
185,,,,,,,,,661434658553-light-curves
186,,,,,,,,,309238547445-light-curves
187,,,,,,,,,188979291521-light-curves
188,,,,,,,,,661430778005-light-curves(1)
189,,,,,,,,,661431197998-light-curves
190,,,,,,,,,661425856286-light-curves
191,,,,,,,,,309238380712-light-curves
192,,,,,,,,,661425771481-light-curves
193,,,,,,,,,661426797357-light-curves
194,,,,,,,,,343598303722-light-curves
195,,,,,,,,,661434642934-light-curves
196,,,,,,,,,120259723567-light-curves
197,,,,,,,,,661434962579-light-curves
198,,,,,,,,,343598039494-light-curves
199,,,,,,,,,386547359168-light-curves
200,,,,,,,,,661425837566-light-curves
201,,,,,,,,,292058632659-light-curves
202,,,,,,,,,249108547673-light-curves
203,,,,,,,,,661431492417-light-curves
204,,,,,,,,,128849543818-light-curves
205,,,,,,,,,352187981376-light-curves
206,,,,,,,,,661426353894-light-curves
207,,,,,,,,,661430456100-light-curves
208,,,,,,,,,661434643326-light-curves
209,,,,,,,,,661430607288-light-curves(4)
210,,,,,,,,,274877908039-light-curves
211,,,,,,,,,661425915831-light-curves
212,,,,,,,,,292058113200-light-curves
213,,,,,,,,,661425672319-light-curves
214,,,,,,,,,257698834699-light-curves
215,,,,,,,,,661431808680-light-curves
216,,,,,,,,,661425999669-light-curves
217,,,,,,,,,188979365413-light-curves
218,,,,,,,,,661431844884-light-curves
219,,,,,,,,,661431602458-light-curves
220,,,,,,,,,188979585930-light-curves
221,,,,,,,,,146029385337-light-curves
222,,,,,,,,,661434642245-light-curves
223,,,,,,,,,137438970343-light-curves
224,,,,,,,,,68720641496-light-curves
225,,,,,,,,,292058528248-light-curves
226,,,,,,,,,77310608380-light-curves(1)
227,,,,,,,,,661430430321-light-curves
228,,,,,,,,,661431116640-light-curves
229,,,,,,,,,661425826913-light-curves
230,,,,,,,,,661434713894-light-curves
231,,,,,,,,,146029284774-light-curves
232,,,,,,,,,661431629956-light-curves
233,,,,,,,,,661425637315-light-curves
234,,,,,,,,,257699174990-light-curves
235,,,,,,,,,661434878828-light-curves
236,,,,,,,,,489627167740-light-curves
237,,,,,,,,,661430642671-light-curves
238,,,,,,,,,335008297244-light-curves
239,,,,,,,,,661431364341-light-curves
240,,,,,,,,,661432313370-light-curves
241,,,,,,,,,231928491185-light-curves
242,,,,,,,,,661427419284-light-curves
243,,,,,,,,,566936637671-light-curves
244,,,,,,,,,661434881228-light-curves
245,,,,,,,,,661432315454-light-curves
246,,,,,,,,,661434640779-light-curves
247,,,,,,,,,661432477847-light-curves(2)
248,,,,,,,,,197569386950-light-curves
249,,,,,,,,,249108129410-light-curves
250,,,,,,,,,566936016868-light-curves
251,,,,,,,,,429497038440-light-curves
252,,,,,,,,,661430418886-light-curves
253,,,,,,,,,188979043975-light-curves
254,,,,,,,,,661434988542-light-curves
255,,,,,,,,,240518258007-light-curves
256,,,,,,,,,120259928318-light-curves
257,,,,,,,,,661434633969-light-curves(1)
258,,,,,,,,,481037251234-light-curves
259,,,,,,,,,661434891016-light-curves
260,,,,,,,,,661425713453-light-curves
261,,,,,,,,,661427279480-light-curves(1)
262,,,,,,,,,661425699190-light-curves
263,,,,,,,,,395137439992-light-curves
264,,,,,,,,,661425749112-light-curves
265,,,,,,,,,472446797200-light-curves
266,,,,,,,,,661434926374-light-curves
267,,,,,,,,,661434644121-light-curves
268,,,,,,,,,661434910939-light-curves
269,,,,,,,,,661434926387-light-curves
270,,,,,,,,,661426422771-light-curves
271,,,,,,,,,137439431563-light-curves
272,,,,,,,,,292058196857-light-curves
273,,,,,,,,,661426138150-light-curves
274,,,,,,,,,661434963330-light-curves
275,,,,,,,,,103079834480-light-curves
276,,,,,,,,,661425669162-light-curves
277,,,,,,,,,661430476780-light-curves
278,,,,,,,,,661430417501-light-curves
279,,,,,,,,,223339093581-light-curves
280,,,,,,,,,661430479852-light-curves
281,,,,,,,,,661431075355-light-curves
282,,,,,,,,,661425979962-light-curves
283,,,,,,,,,661432072057-light-curves
284,,,,,,,,,274878561040-light-curves
285,,,,,,,,,661432314802-light-curves
286,,,,,,,,,661434661038-light-curves
287,,,,,,,,,661437545841-light-curves
288,,,,,,,,,403728159733-light-curves
289,,,,,,,,,661431192040-light-curves
290,,,,,,,,,111669825173-light-curves
291,,,,,,,,,661434928848-light-curves
292,0.034369100612959155,,,,3.528270633496401,0.03301128958176749,0.9460884413916595,0.947409835933966,266288698682-light-curves
293,,,,,,,,,85899757957-light-curves
294,,,,,,,,,223338937393-light-curves
295,,,,,,,,,661434973554-light-curves
296,,,,,,,,,661425830205-light-curves
297,,,,,,,,,558345852421-light-curves
298,,,,,,,,,360777868899-light-curves
299,,,,,,,,,360777722767-light-curves
300,,,,,,,,,661434594059-light-curves
301,,,,,,,,,661431106270-light-curves
302,,,,,,,,,661431546071-light-curves
303,,,,,,,,,661434612909-light-curves
304,,,,,,,,,17180195489-light-curves
305,,,,,,,,,661429290112-light-curves
306,,,,,,,,,661434923211-light-curves
307,,,,,,,,,103080565323-light-curves(1)
308,,,,,,,,,661434599587-light-curves
309,,,,,,,,,395137050226-light-curves
310,,,,,,,,,25770632312-light-curves
311,,,,,,,,,661431588469-light-curves
312,,,,,,,,,661425753211-light-curves
313,,,,,,,,,661434979860-light-curves
314,,,,,,,,,214749499961-light-curves
315,,,,,,,,,197569191295-light-curves
316,,,,,,,,,77310868438-light-curves
317,,,,,,,,,661427488734-light-curves
318,,,,,,,,,566936709468-light-curves
319,,,,,,,,,68720627927-light-curves
320,,,,,,,,,661434707166-light-curves
321,,,,,,,,,515396859069-light-curves
322,,,,,,,,,609886083138-light-curves
323,,,,,,,,,128849633917-light-curves
324,,,,,,,,,661425767172-light-curves
325,,,,,,,,,266289118293-light-curves
326,,,,,,,,,661430798814-light-curves
327,,,,,,,,,403727615911-light-curves
328,,,,,,,,,661425700553-light-curves
329,,,,,,,,,661426173316-light-curves
330,,,,,,,,,661430398603-light-curves
331,,,,,,,,,171798699622-light-curves
332,,,,,,,,,386548016474-light-curves
333,,,,,,,,,188979256737-light-curves
334,,,,,,,,,661434644122-light-curves
335,,,,,,,,,661431307609-light-curves
336,,,,,,,,,335008136646-light-curves
337,,,,,,,,,609885559173-light-curves
338,,,,,,,,,661425549368-light-curves
339,,,,,,,,,661426321486-light-curves
340,,,,,,,,,171799094675-light-curves
341,,,,,,,,,154619698933-light-curves
342,,,,,,,,,661434926377-light-curves
343,,,,,,,,,661430340748-light-curves
344,,,,,,,,,661430467949-light-curves
345,,,,,,,,,223339071824-light-curves
346,,,,,,,,,403728102471-light-curves
347,,,,,,,,,661425804332-light-curves
348,,,,,,,,,661425670341-light-curves
349,,,,,,,,,661425680860-light-curves
350,,,,,,,,,661431598247-light-curves
351,,,,,,,,,661426420321-light-curves
352,,,,,,,,,661431317272-light-curves
353,,,,,,,,,661432078326-light-curves
354,,,,,,,,,283468439158-light-curves
355,,,,,,,,,1081363-light-curves
356,,,,,,,,,146029892160-light-curves
357,,,,,,,,,257698174631-light-curves
358,,,,,,,,,188979185775-light-curves
359,,,,,,,,,661430607882-light-curves
360,,,,,,,,,489626945673-light-curves
361,,,,,,,,,661427341865-light-curves
362,,,,,,,,,515396495431-light-curves
363,,,,,,,,,661427131768-light-curves
364,,,,,,,,,661432315406-light-curves
365,,,,,,,,,60130033637-light-curves
366,,,,,,,,,661431512800-light-curves
367,,,,,,,,,188979403764-light-curves
368,,,,,,,,,661434925596-light-curves
369,,,,,,,,,661427139791-light-curves
370,,,,,,,,,42950022109-light-curves
371,,,,,,,,,661426557980-light-curves
372,,,,,,,,,266288620696-light-curves
373,,,,,,,,,661434926415-light-curves
374,,,,,,,,,197568807032-light-curves
375,,,,,,,,,506806753750-light-curves
376,,,,,,,,,661434926444-light-curves
377,,,,,,,,,266289016559-light-curves
378,,,,,,,,,661434975086-light-curves
379,,,,,,,,,661425590892-light-curves
380,,,,,,,,,661427212762-light-curves
381,,,,,,,,,661434644218-light-curves
382,,,,,,,,,377958399530-light-curves
383,,,,,,,,,240519351410-light-curves(1)
384,,,,,,,,,309238840845-light-curves
385,,,,,,,,,180389589033-light-curves
386,,,,,,,,,120260531130-light-curves
387,,,,,,,,,661431096373-light-curves
388,,,,,,,,,429497801328-light-curves
389,,,,,,,,,661432477847-light-curves
390,,,,,,,,,188979407653-light-curves
391,,,,,,,,,309237738223-light-curves
392,,,,,,,,,146029238738-light-curves
393,,,,,,,,,635655773241-light-curves
394,,,,,,,,,326418275513-light-curves
395,,,,,,,,,352188124881-light-curves
396,,,,,,,,,472446736083-light-curves
397,,,,,,,,,661431042887-light-curves
398,,,,,,,,,661427160112-light-curves
399,,,,,,,,,661430497556-light-curves
400,,,,,,,,,609886056552-light-curves
401,,,,,,,,,111670247276-light-curves
402,,,,,,,,,85899394886-light-curves
403,,,,,,,,,661427177930-light-curves
404,,,,,,,,,575525929116-light-curves
405,,,,,,,,,661431873877-light-curves
406,,,,,,,,,661432297128-light-curves
407,,,,,,,,,661427101574-light-curves
408,,,,,,,,,661430330290-light-curves
409,,,,,,,,,661431623486-light-curves
410,,,,,,,,,85899954588-light-curves
411,,,,,,,,,8590775966-light-curves
412,,,,,,,,,128849661808-light-curves
413,,,,,,,,,661431031915-light-curves
414,,,,,,,,,532577083358-light-curves
415,,,,,,,,,661425605689-light-curves
416,,,,,,,,,661432030252-light-curves
417,,,,,,,,,274879181162-light-curves
418,,,,,,,,,455267255265-light-curves
419,,,,,,,,,644245485768-light-curves
420,,,,,,,,,661427279480-light-curves
421,,,,,,,,,661430414026-light-curves
422,,,,,,,,,661427185612-light-curves
423,,,,,,,,,661427098265-light-curves
424,,,,,,,,,661431197130-light-curves
425,,,,,,,,,68720408608-light-curves
426,,,,,,,,,661425829079-light-curves
427,,,,,,,,,77310897143-light-curves
428,,,,,,,,,558346527525-light-curves
429,,,,,,,,,42949887029-light-curves
430,,,,,,,,,661427311590-light-curves
431,,,,,,,,,257698895216-light-curves
432,,,,,,,,,661431323081-light-curves
433,,,,,,,,,34360491334-light-curves
434,,,,,,,,,652835789694-light-curves
435,,,,,,,,,506807068278-light-curves
436,,,,,,,,,661431974092-light-curves
437,,,,,,,,,661427486433-light-curves(1)
438,,,,,,,,,661427348464-light-curves
439,,,,,,,,,223338606826-light-curves
440,,,,,,,,,661432029284-light-curves
441,,,,,,,,,661427167704-light-curves
442,,,,,,,,,206159474665-light-curves
443,,,,,,,,,489626398021-light-curves
444,,,,,,,,,661430467889-light-curves
445,,,,,,,,,661434926450-light-curves
446,,,,,,,,,214749734121-light-curves
447,,,,,,,,,661431492332-light-curves
448,,,,,,,,,661425792986-light-curves
449,,,,,,,,,661430451311-light-curves
450,,,,,,,,,661434926401-light-curves
451,,,,,,,,,661430471806-light-curves
452,,,,,,,,,120260161087-light-curves
453,,,,,,,,,137439881045-light-curves
454,,,,,,,,,8591050281-light-curves
455,,,,,,,,,429497519462-light-curves
456,,,,,,,,,188979435390-light-curves
457,,,,,,,,,661425866918-light-curves
458,,,,,,,,,661426924734-light-curves
459,,,,,,,,,206159768314-light-curves
460,,,,,,,,,111670487124-light-curves
461,,,,,,,,,661430844819-light-curves
462,,,,,,,,,532576370875-light-curves
463,,,,,,,,,661430607288-light-curves
464,,,,,,,,,309237842569-light-curves
465,,,,,,,,,661426836493-light-curves
466,,,,,,,,,369368058737-light-curves
467,,,,,,,,,60129725416-light-curves
468,,,,,,,,,661430708832-light-curves
469,,,,,,,,,661427361404-light-curves
470,,,,,,,,,171799907181-light-curves
471,,,,,,,,,309238507041-light-curves
472,,,,,,,,,386547650763-light-curves
473,,,,,,,,,592705531104-light-curves
474,,,,,,,,,661434591992-light-curves
475,,,,,,,,,326417559743-light-curves
476,,,,,,,,,661434926389-light-curves
477,,,,,,,,,77310897231-light-curves
478,,,,,,,,,661426416454-light-curves
479,,,,,,,,,360777468754-light-curves
480,,,,,,,,,472446559705-light-curves
481,,,,,,,,,335007911354-light-curves
482,,,,,,,,,661427504851-light-curves
483,,,,,,,,,197568605368-light-curves
484,,,,,,,,,661430481377-light-curves
485,,,,,,,,,661426887506-light-curves
486,,,,,,,,,661434926390-light-curves
487,,,,,,,,,661434926451-light-curves
488,,,,,,,,,146030283693-light-curves
489,,,,,,,,,661431755220-light-curves
490,,,,,,,,,661432315454-light-curves(1)
491,,,,,,,,,661425757641-light-curves
492,,,,,,,,,661432316377-light-curves
493,,,,,,,,,34360708791-light-curves
494,,,,,,,,,661425709118-light-curves
495,,,,,,,,,214749149546-light-curves
496,,,,,,,,,661434926526-light-curves
497,,,,,,,,,661431011923-light-curves
498,,,,,,,,,661430766980-light-curves
499,,,,,,,,,661427507123-light-curves
500,,,,,,,,,661426872899-light-curves
501,,,,,,,,,575526427728-light-curves
502,,,,,,,,,661434926363-light-curves
503,,,,,,,,,661426087145-light-curves
504,,,,,,,,,661430787888-light-curves
505,,,,,,,,,609885844631-light-curves
506,,,,,,,,,120259913756-light-curves
507,,,,,,,,,335007899310-light-curves
508,,,,,,,,,128849654396-light-curves
509,,,,,,,,,206159593365-light-curves
510,,,,,,,,,661434661067-light-curves
511,,,,,,,,,661431842747-light-curves
512,,,,,,,,,429497017863-light-curves
513,,,,,,,,,429497434803-light-curves
514,,,,,,,,,188979440585-light-curves
515,,,,,,,,,541166012277-light-curves
516,,,,,,,,,137439048004-light-curves
517,,,,,,,,,661436966717-light-curves(7)
518,,,,,,,,,661432034184-light-curves
519,,,,,,,,,68720187391-light-curves
520,,,,,,,,,661425891950-light-curves
521,,,,,,,,,661430304024-light-curves
522,,,,,,,,,661432028941-light-curves
523,,,,,,,,,661434926403-light-curves
524,,,,,,,,,661431833080-light-curves
525,,,,,,,,,661427420885-light-curves
526,,,,,,,,,352188525834-light-curves
527,,,,,,,,,472446490687-light-curves
528,,,,,,,,,429497105455-light-curves
529,,,,,,,,,661426153726-light-curves
530,,,,,,,,,68720692255-light-curves
531,,,,,,,,,335007866823-light-curves
532,,,,,,,,,326418214322-light-curves
533,,,,,,,,,661430798925-light-curves
534,,,,,,,,,661434889828-light-curves
535,,,,,,,,,257698784386-light-curves
536,,,,,,,,,644246079496-light-curves
537,,,,,,,,,661426325151-light-curves
538,,,,,,,,,463857298025-light-curves
539,,,,,,,,,231929178017-light-curves
540,,,,,,,,,661431899198-light-curves
541,,,,,,,,,661434592332-light-curves
542,,,,,,,,,661431156648-light-curves
543,,,,,,,,,661434876349-light-curves
544,,,,,,,,,661431620146-light-curves
545,,,,,,,,,274878824533-light-curves
546,,,,,,,,,661434964200-light-curves
547,,,,,,,,,661431145421-light-curves
548,,,,,,,,,644245999752-light-curves
549,,,,,,,,,661426578548-light-curves
550,,,,,,,,,661434925573-light-curves
551,,,,,,,,,661430528264-light-curves
552,,,,,,,,,575525941361-light-curves
553,,,,,,,,,309238172165-light-curves
554,,,,,,,,,609886275236-light-curves
555,,,,,,,,,661427476258-light-curves
556,,,,,,,,,661430596312-light-curves
557,,,,,,,,,661428682820-light-curves
558,,,,,,,,,661430536844-light-curves
559,,,,,,,,,661425862137-light-curves(1)
560,,,,,,,,,223338878198-light-curves
561,,,,,,,,,661426742962-light-curves
562,,,,,,,,,661425735690-light-curves
563,,,,,,,,,661431019457-light-curves
564,,,,,,,,,661426434481-light-curves
565,,,,,,,,,661428698000-light-curves
566,,,,,,,,,385321-light-curves
567,,,,,,,,,532576447449-light-curves
568,,,,,,,,,472447187288-light-curves
569,,,,,,,,,206158963436-light-curves
570,,,,,,,,,661427248471-light-curves
571,,,,,,,,,661430985016-light-curves
572,,,,,,,,,661425713138-light-curves
573,,,,,,,,,51540107272-light-curves
574,,,,,,,,,661434875660-light-curves
575,,,,,,,,,317828776224-light-curves
576,,,,,,,,,214749641841-light-curves
577,,,,,,,,,661434926361-light-curves
578,,,,,,,,,231928831556-light-curves
579,,,,,,,,,601296011683-light-curves
580,,,,,,,,,120260119268-light-curves
581,,,,,,,,,592706382034-light-curves
582,,,,,,,,,309237882791-light-curves
583,,,,,,,,,661434955968-light-curves
584,,,,,,,,,103080170227-light-curves
585,,,,,,,,,360777733884-light-curves
586,,,,,,,,,661430355787-light-curves
587,,,,,,,,,549756880980-light-curves
588,,,,,,,,,661431980705-light-curves
589,,,,,,,,,274879049923-light-curves
590,,,,,,,,,300648469565-light-curves
591,,,,,,,,,661426174068-light-curves
592,,,,,,,,,180389853998-light-curves
593,,,,,,,,,94489833758-light-curves
594,,,,,,,,,661430603624-light-curves
595,,,,,,,,,206158613991-light-curves
596,,,,,,,,,377957721176-light-curves
597,,,,,,,,,309237960466-light-curves
598,,,,,,,,,438086788307-light-curves
599,,,,,,,,,661430550236-light-curves
600,,,,,,,,,661426060011-light-curves
601,,,,,,,,,42950074585-light-curves
602,,,,,,,,,661427073806-light-curves
603,,,,,,,,,386548015948-light-curves
604,,,,,,,,,206158654388-light-curves
605,,,,,,,,,77310901079-light-curves(1)
606,,,,,,,,,77309898922-light-curves
607,,,,,,,,,274878511783-light-curves
608,,,,,,,,,661426903108-light-curves
609,,,,,,,,,661425631627-light-curves
610,,,,,,,,,566936371740-light-curves
611,,,,,,,,,128849747517-light-curves
612,,,,,,,,,51540654667-light-curves
613,,,,,,,,,386547827015-light-curves(1)
614,,,,,,,,,661434926404-light-curves
615,,,,,,,,,661430466713-light-curves
616,,,,,,,,,661431227142-light-curves
617,,,,,,,,,661431331397-light-curves
618,,,,,,,,,661430544859-light-curves
619,,,,,,,,,661434926455-light-curves
620,,,,,,,,,120260528709-light-curves
621,,,,,,,,,77310352366-light-curves
622,,,,,,,,,661431962788-light-curves
623,,,,,,,,,188979684833-light-curves
624,,,,,,,,,661430666992-light-curves
625,,,,,,,,,274878651316-light-curves
626,,,,,,,,,60130244210-light-curves
627,,,,,,,,,146029000508-light-curves(1)
628,,,,,,,,,429497522354-light-curves
629,,,,,,,,,171799557239-light-curves
630,,,,,,,,,661430830330-light-curves
631,,,,,,,,,661431261272-light-curves
632,,,,,,,,,661426286179-light-curves
633,,,,,,,,,661431935631-light-curves
634,,,,,,,,,661434951593-light-curves
635,,,,,,,,,60129806606-light-curves
636,,,,,,,,,68720524037-light-curves
637,,,,,,,,,103080287250-light-curves
638,,,,,,,,,661427390591-light-curves
639,,,,,,,,,257698138745-light-curves
640,,,,,,,,,77309483554-light-curves
641,,,,,,,,,506806667357-light-curves
642,,,,,,,,,609885962775-light-curves
643,,,,,,,,,240518562154-light-curves
644,,,,,,,,,223338664205-light-curves
645,,,,,,,,,661426147910-light-curves
646,,,,,,,,,17180498715-light-curves
647,,,,,,,,,60130576030-light-curves
648,,,,,,,,,661427321258-light-curves
649,,,,,,,,,206159309777-light-curves
650,,,,,,,,,661425836446-light-curves
651,,,,,,,,,103080360677-light-curves
652,,,,,,,,,644245439857-light-curves
653,,,,,,,,,661431602809-light-curves
654,,,,,,,,,661434643775-light-curves
655,,,,,,,,,420907943438-light-curves
656,,,,,,,,,661425627183-light-curves
657,,,,,,,,,103080601382-light-curves
658,,,,,,,,,661431176356-light-curves
659,,,,,,,,,661426084234-light-curves
660,,,,,,,,,661430607294-light-curves
661,,,,,,,,,661425931586-light-curves
662,,,,,,,,,661430839455-light-curves
663,,,,,,,,,584115729835-light-curves-V1
664,,,,,,,,,85900600165-light-curves
665,,,,,,,,,661427507409-light-curves
666,,,,,,,,,661429432876-light-curves
667,,,,,,,,,661429062186-light-curves
668,,,,,,,,,661434590005-light-curves
669,,,,,,,,,661432032136-light-curves
670,,,,,,,,,661426107469-light-curves
671,,,,,,,,,360778024714-light-curves
672,,,,,,,,,661430520282-light-curves
673,,,,,,,,,635656070242-light-curves
674,,,,,,,,,601295933904-light-curves
675,,,,,,,,,274879028540-light-curves
676,,,,,,,,,274879109453-light-curves
677,,,,,,,,,661425998310-light-curves
678,,,,,,,,,103079623912-light-curves
679,,,,,,,,,609886273545-light-curves
680,,,,,,,,,377958247505-light-curves
681,,,,,,,,,661431559848-light-curves
682,,,,,,,,,120259275229-light-curves
683,,,,,,,,,197569150839-light-curves
684,,,,,,,,,661430330422-light-curves
685,,,,,,,,,661432029886-light-curves
686,,,,,,,,,661437549396-light-curves
687,,,,,,,,,240519490334-light-curves
688,,,,,,,,,17181096524-light-curves
689,,,,,,,,,146029915535-light-curves
690,,,,,,,,,661425695773-light-curves
691,,,,,,,,,661426319491-light-curves
692,,,,,,,,,661425757440-light-curves
693,,,,,,,,,661427135374-light-curves
694,,,,,,,,,223339584889-light-curves
695,,,,,,,,,85899930754-light-curves
696,,,,,,,,,326418317988-light-curves
697,,,,,,,,,231929047125-light-curves
698,,,,,,,,,661430582584-light-curves
699,,,,,,,,,661432032577-light-curves
700,,,,,,,,,661426193171-light-curves
701,,,,,,,,,34359796517-light-curves
702,,,,,,,,,661431156391-light-curves
703,,,,,,,,,300648290941-light-curves
704,,,,,,,,,180389249047-light-curves
705,,,,,,,,,274879231757-light-curves
706,,,,,,,,,661432477847-light-curves(1)
707,,,,,,,,,661425599222-light-curves
708,,,,,,,,,661437404807-light-curves
709,,,,,,,,,661434597794-light-curves
710,,,,,,,,,661425628726-light-curves
711,,,,,,,,,861437762076-light-curves
712,,,,,,,,,395138204954-light-curves
713,,,,,,,,,386547915828-light-curves
714,,,,,,,,,661430480212-light-curves
715,,,,,,,,,188979181614-light-curves
716,,,,,,,,,103079711152-light-curves
717,,,,,,,,,661426489702-light-curves
718,,,,,,,,,661431239245-light-curves
719,,,,,,,,,214748622165-light-curves
720,,,,,,,,,661427206683-light-curves
721,,,,,,,,,146029000508-light-curves
722,,,,,,,,,25769882705-light-curves
723,,,,,,,,,323290-light-curves
724,,,,,,,,,661426846673-light-curves
725,,,,,,,,,438087567520-light-curves
726,,,,,,,,,661434633969-light-curves
727,,,,,,,,,231929041990-light-curves
728,,,,,,,,,661431251078-light-curves
729,,,,,,,,,661425771098-light-curves
730,,,,,,,,,34360082638-light-curves
731,,,,,,,,,455267051170-light-curves
732,,,,,,,,,223338344838-light-curves
733,,,,,,,,,661430482123-light-curves
734,,,,,,,,,661430762737-light-curves
735,,,,,,,,,223339699150-light-curves(1)
736,,,,,,,,,661431352697-light-curves
737,,,,,,,,,661430356726-light-curves
738,,,,,,,,,661426052859-light-curves
739,,,,,,,,,661434885302-light-curves
740,,,,,,,,,661427388755-light-curves
741,,,,,,,,,661425843766-light-curves
742,,,,,,,,,661425689540-light-curves
743,,,,,,,,,326417623210-light-curves
744,,,,,,,,,661430485374-light-curves
745,,,,,,,,,146030063911-light-curves
746,,,,,,,,,137439167422-light-curves
747,,,,,,,,,60129620387-light-curves
748,,,,,,,,,206159498216-light-curves
749,,,,,,,,,661432071934-light-curves
750,,,,,,,,,661434610486-light-curves
751,,,,,,,,,575526293030-light-curves
752,,,,,,,,,34361009645-light-curves
753,,,,,,,,,335007900129-light-curves
754,,,,,,,,,661431927046-light-curves
755,,,,,,,,,661425703547-light-curves
756,,,,,,,,,661427360923-light-curves
757,,,,,,,,,481036835401-light-curves
758,,,,,,,,,661432315563-light-curves
759,,,,,,,,,661427465909-light-curves
760,,,,,,,,,8590176273-light-curves
761,,,,,,,,,661431387854-light-curves
762,,,,,,,,,214749706446-light-curves
763,,,,,,,,,309237713053-light-curves
764,,,,,,,,,206159351099-light-curves
765,,,,,,,,,592705709989-light-curves
766,,,,,,,,,128850210111-light-curves
767,,,,,,,,,661430820831-light-curves
768,,,,,,,,,661434926456-light-curves
769,,,,,,,,,661426091049-light-curves
770,,,,,,,,,661430548765-light-curves
771,,,,,,,,,635655280976-light-curves
772,,,,,,,,,592705648419-light-curves
773,,,,,,,,,661431206259-light-curves
774,,,,,,,,,661434920595-light-curves
775,,,,,,,,,661434926521-light-curves
776,,,,,,,,,661430592557-light-curves
777,,,,,,,,,661427279480-light-curves(2)
778,,,,,,,,,51540375931-light-curves
779,,,,,,,,,661428822141-light-curves
780,,,,,,,,,661431021044-light-curves
781,,,,,,,,,661431237580-light-curves
782,,,,,,,,,377957349103-light-curves
783,,,,,,,,,661426756172-light-curves
784,,,,,,,,,171799069194-light-curves
785,,,,,,,,,326417702010-light-curves
786,,,,,,,,,661426213183-light-curves
787,,,,,,,,,171799286652-light-curves
788,,,,,,,,,231928900859-light-curves
789,,,,,,,,,343598368129-light-curves
790,,,,,,,,,103080460072-light-curves
791,,,,,,,,,309238631972-light-curves
792,,,,,,,,,661430410960-light-curves
793,,,,,,,,,335008609592-light-curves
794,,,,,,,,,661432308847-light-curves
795,,,,,,,,,661430982250-light-curves(1)
796,,,,,,,,,661431199238-light-curves
797,,,,,,,,,661426963288-light-curves
798,,,,,,,,,661432048505-light-curves
799,,,,,,,,,498216395641-light-curves
800,,,,,,,,,661432031876-light-curves
801,,,,,,,,,661430421189-light-curves
802,,,,,,,,,661437397349-light-curves
803,,,,,,,,,661430468725-light-curves
804,,,,,,,,,661426585049-light-curves
805,,,,,,,,,266288909453-light-curves
806,,,,,,,,,661431952633-light-curves
807,,,,,,,,,94489891488-light-curves
808,,,,,,,,,661434912672-light-curves
809,,,,,,,,,386548011404-light-curves
810,,,,,,,,,661434926511-light-curves
811,,,,,,,,,661432035039-light-curves
812,,,,,,,,,506806588578-light-curves
813,,,,,,,,,661430481481-light-curves
814,,,,,,,,,214748861602-light-curves
815,,,,,,,,,661432314461-light-curves
816,,,,,,,,,292058076842-light-curves
817,,,,,,,,,446676666484-light-curves
818,,,,,,,,,146029869665-light-curves
819,,,,,,,,,42950112046-light-curves
820,,,,,,,,,661425974317-light-curves
821,,,,,,,,,171798728402-light-curves
822,,,,,,,,,661426106128-light-curves
823,,,,,,,,,188979430066-light-curves
824,,,,,,,,,274878426431-light-curves
825,,,,,,,,,661434963719-light-curves
826,,,,,,,,,644245397485-light-curves
827,,,,,,,,,661434667794-light-curves(1)
828,,,,,,,,,343597591711-light-curves
829,,,,,,,,,661427050381-light-curves
830,,,,,,,,,661425657901-light-curves
831,,,,,,,,,103079634434-light-curves
832,,,,,,,,,661426796040-light-curves
833,,,,,,,,,661434611245-light-curves
834,,,,,,,,,94490581829-light-curves
835,,,,,,,,,8591150560-light-curves
836,,,,,,,,,51540884008-light-curves
837,,,,,,,,,163209971155-light-curves
838,,,,,,,,,300648729799-light-curves
839,,,,,,,,,180388657079-light-curves
840,,,,,,,,,661427021249-light-curves
841,,,,,,,,,506806489611-light-curves
842,,,,,,,,,223339044458-light-curves
843,,,,,,,,,661431280514-light-curves
844,,,,,,,,,661434975531-light-curves
845,,,,,,,,,42949788551-light-curves
846,,,,,,,,,128850085584-light-curves
847,,,,,,,,,111670596132-light-curves
848,,,,,,,,,85900085599-light-curves
849,,,,,,,,,34359828421-light-curves
850,,,,,,,,,197569016601-light-curves
851,,,,,,,,,661430968779-light-curves
852,,,,,,,,,206159885762-light-curves
853,,,,,,,,,661427498120-light-curves
854,,,,,,,,,661430617491-light-curves
855,,,,,,,,,128850398135-light-curves
856,,,,,,,,,661425785407-light-curves
857,,,,,,,,,206159470392-light-curves
858,,,,,,,,,42949918341-light-curves
859,,,,,,,,,661427404576-light-curves(1)
860,,,,,,,,,472447460228-light-curves
861,,,,,,,,,103080647906-light-curves
862,,,,,,,,,661434920624-light-curves
863,,,,,,,,,386547857186-light-curves
864,,,,,,,,,661425563456-light-curves
865,,,,,,,,,214749385224-light-curves
866,,,,,,,,,661430607288-light-curves(2)
867,,,,,,,,,481036928406-light-curves
868,,,,,,,,,8590551740-light-curves
869,,,,,,,,,661431908458-light-curves
870,,,,,,,,,661430774205-light-curves
871,,,,,,,,,661431599542-light-curves
872,,,,,,,,,661430459774-light-curves
873,,,,,,,,,188978856430-light-curves
874,,,,,,,,,146030129160-light-curves
875,,,,,,,,,661432305179-light-curves
876,,,,,,,,,17181249033-light-curves
877,,,,,,,,,661430593960-light-curves
878,,,,,,,,,274879105501-light-curves
879,,,,,,,,,661434640105-light-curves
880,,,,,,,,,661430475141-light-curves
881,,,,,,,,,661425684395-light-curves
882,,,,,,,,,661434926467-light-curves
883,,,,,,,,,34360531722-light-curves
884,,,,,,,,,661431829837-light-curves
885,,,,,,,,,661434964438-light-curves
886,,,,,,,,,661434926436-light-curves
887,,,,,,,,,446677648638-light-curves
888,,,,,,,,,661425670935-light-curves
889,,,,,,,,,60130523911-light-curves
890,,,,,,,,,352187331787-light-curves
891,,,,,,,,,661425655549-light-curves
892,,,,,,,,,661434664391-light-curves
893,,,,,,,,,231928403126-light-curves
894,,,,,,,,,77310901079-light-curves
895,,,,,,,,,661434710328-light-curves
896,,,,,,,,,661432303566-light-curves
897,,,,,,,,,154619082740-light-curves
898,,,,,,,,,94490660744-light-curves
899,,,,,,,,,403727134601-light-curves
900,,,,,,,,,661431825353-light-curves
901,,,,,,,,,661428698672-light-curves
902,,,,,,,,,661431081441-light-curves
903,,,,,,,,,171799223491-light-curves
904,,,,,,,,,661431811029-light-curves
905,,,,,,,,,77310940351-light-curves
906,,,,,,,,,661425697879-light-curves
907,,,,,,,,,661432314758-light-curves
908,,,,,,,,,661425767075-light-curves
909,,,,,,,,,661434912669-light-curves
910,,,,,,,,,42949916958-light-curves
911,,,,,,,,,661431934255-light-curves
912,,,,,,,,,103080306436-light-curves
913,,,,,,,,,661434594675-light-curves
914,,,,,,,,,292058203714-light-curves
915,,,,,,,,,661434926464-light-curves
916,,,,,,,,,661426354649-light-curves
917,,,,,,,,,661425912524-light-curves
918,,,,,,,,,661425683522-light-curves
919,,,,,,,,,197568602474-light-curves
920,,,,,,,,,60130317247-light-curves
921,,,,,,,,,661430735810-light-curves
922,,,,,,,,,25771189768-light-curves
923,,,,,,,,,661434912683-light-curves
924,,,,,,,,,661426398933-light-curves
925,,,,,,,,,661431245465-light-curves
926,,,,,,,,,661425671120-light-curves
927,,,,,,,,,377957937034-light-curves
928,,,,,,,,,661427494393-light-curves
929,,,,,,,,,661426094839-light-curves
930,,,,,,,,,661431238066-light-curves
931,,,,,,,,,146029873322-light-curves
932,,,,,,,,,223338950177-light-curves
933,,,,,,,,,661434943252-light-curves
934,,,,,,,,,506806472738-light-curves
935,,,,,,,,,661434878363-light-curves
936,,,,,,,,,231929502944-light-curves
937,,,,,,,,,661435049544-light-curves
938,,,,,,,,,627065526211-light-curves
939,,,,,,,,,661427373041-light-curves
940,,,,,,,,,661432030505-light-curves
941,,,,,,,,,352187787561-light-curves
942,,,,,,,,,661432308845-light-curves
943,,,,,,,,,446677625121-light-curves
944,,,,,,,,,8590192627-light-curves
945,,,,,,,,,188978980404-light-curves
946,,,,,,,,,661434926434-light-curves
947,,,,,,,,,60130621183-light-curves
948,,,,,,,,,68720390718-light-curves
949,,,,,,,,,197569170512-light-curves
950,,,,,,,,,661432307447-light-curves
951,,,,,,,,,661432305337-light-curves
952,,,,,,,,,661434617659-light-curves
953,,,,,,,,,352188303619-light-curves
954,,,,,,,,,103079541532-light-curves
955,,,,,,,,,661427486433-light-curves
956,,,,,,,,,661425576690-light-curves
957,,,,,,,,,661432316471-light-curves
958,,,,,,,,,498217062179-light-curves
959,,,,,,,,,163209218668-light-curves
960,,,,,,,,,292058539214-light-curves
961,,,,,,,,,94490650061-light-curves
962,,,,,,,,,661431102802-light-curves
963,,,,,,,,,197568764642-light-curves
964,,,,,,,,,661430347389-light-curves
965,,,,,,,,,661434611587-light-curves
966,,,,,,,,,661427473266-light-curves
967,,,,,,,,,661430566854-light-curves
968,,,,,,,,,661426353539-light-curves
969,,,,,,,,,171799035711-light-curves
970,,,,,,,,,51540926092-light-curves
971,,,,,,,,,17181119112-light-curves
972,,,,,,,,,661432308844-light-curves
973,,,,,,,,,309238565982-light-curves
974,,,,,,,,,34360274628-light-curves
975,,,,,,,,,188979238995-light-curves
976,,,,,,,,,103080341635-light-curves
977,,,,,,,,,309237686610-light-curves
978,,,,,,,,,661430841150-light-curves
979,,,,,,,,,8591365959-light-curves
980,,,,,,,,,661425627037-light-curves
981,,,,,,,,,661432029991-light-curves
982,,,,,,,,,661425700045-light-curves
983,,,,,,,,,661434951897-light-curves
984,,,,,,,,,206158603818-light-curves
985,,,,,,,,,661431822098-light-curves
986,,,,,,,,,661426679484-light-curves
987,,,,,,,,,197569640328-light-curves
988,,,,,,,,,369367240294-light-curves
989,,,,,,,,,661426194293-light-curves
990,,,,,,,,,661430349960-light-curves
991,,,,,,,,,635656092724-light-curves
992,,,,,,,,,661425601396-light-curves
993,,,,,,,,,111669742865-light-curves
994,,,,,,,,,17181119684-light-curves
995,,,,,,,,,68720031679-light-curves
996,,,,,,,,,661435048265-light-curves
997,,,,,,,,,661426139396-light-curves
998,,,,,,,,,128849804428-light-curves(1)
999,,,,,,,,,661434606425-light-curves
1000,,,,,,,,,214749032732-light-curves
1001,,,,,,,,,661431539612-light-curves
1002,,,,,,,,,77310941117-light-curves
1003,,,,,,,,,661437402119-light-curves(1)
1004,,,,,,,,,51540262130-light-curves
1005,,,,,,,,,661427184517-light-curves
1006,,,,,,,,,661434601140-light-curves
1007,,,,,,,,,661430412442-light-curves
1008,,,,,,,,,661425757680-light-curves
1009,,,,,,,,,661434926432-light-curves
1010,,,,,,,,,206158678567-light-curves
1011,,,,,,,,,661431251445-light-curves
1012,,,,,,,,,154619352861-light-curves
1013,,,,,,,,,661434926463-light-curves
1014,,,,,,,,,661434876858-light-curves
1015,,,,,,,,,137438969888-light-curves
1016,,,,,,,,,266288144808-light-curves
1017,,,,,,,,,661426820633-light-curves
1018,,,,,,,,,652835212478-light-curves
1019,,,,,,,,,309237728519-light-curves
1020,,,,,,,,,661426140204-light-curves
1021,,,,,,,,,661434926489-light-curves
1022,,,,,,,,,661430464326-light-curves
1023,,,,,,,,,661430442950-light-curves
1024,,,,,,,,,661430499735-light-curves
1025,,,,,,,,,523986627217-light-curves
1026,,,,,,,,,128849812790-light-curves
1027,,,,,,,,,266288556870-light-curves
1028,,,,,,,,,489626728396-light-curves
1029,,,,,,,,,257698235093-light-curves
1030,,,,,,,,,661434885726-light-curves
1031,,,,,,,,,661430848745-light-curves
1032,,,,,,,,,661430485701-light-curves
1033,,,,,,,,,575526122427-light-curves
1034,,,,,,,,,420907617199-light-curves
1035,,,,,,,,,395137848897-light-curves
1036,,,,,,,,,214749739681-light-curves
1037,,,,,,,,,8590119116-light-curves
1038,,,,,,,,,412317855079-light-curves
1039,,,,,,,,,661437402119-light-curves
1040,,,,,,,,,661426902961-light-curves
1041,,,,,,,,,661431230073-light-curves
1042,,,,,,,,,661431412422-light-curves
1043,,,,,,,,,661426754216-light-curves
1044,,,,,,,,,661434922304-light-curves
1045,,,,,,,,,120259619509-light-curves
1046,,,,,,,,,661427089424-light-curves
1047,,,,,,,,,661435048483-light-curves
1048,,,,,,,,,111670115454-light-curves(1)
1049,,,,,,,,,661426880762-light-curves
1050,,,,,,,,,661434589396-light-curves
1051,,,,,,,,,661434922119-light-curves
1052,,,,,,,,,274878437331-light-curves
1053,,,,,,,,,661427337193-light-curves
1054,,,,,,,,,661432313151-light-curves
1055,,,,,,,,,661426093541-light-curves
1056,,,,,,,,,94490788590-light-curves
1057,,,,,,,,,661430600375-light-curves
1058,,,,,,,,,661431405720-light-curves
1059,,,,,,,,,661434876328-light-curves
1060,,,,,,,,,661434928119-light-curves
1061,,,,,,,,,360778244365-light-curves
1062,,,,,,,,,180389072538-light-curves
1063,,,,,,,,,661431576043-light-curves
1064,,,,,,,,,661426334020-light-curves
1065,,,,,,,,,661430753060-light-curves
1066,,,,,,,,,661429921318-light-curves
1067,,,,,,,,,661432031479-light-curves
1068,,,,,,,,,8590778883-light-curves
1069,,,,,,,,,60130445383-light-curves
1070,,,,,,,,,661434849193-light-curves
1071,,,,,,,,,369367849218-light-curves
1072,,,,,,,,,661430616892-light-curves
1073,,,,,,,,,661434926488-light-curves
1074,,,,,,,,,661427205252-light-curves
1075,,,,,,,,,532576344181-light-curves
1076,,,,,,,,,661426149386-light-curves
1077,,,,,,,,,661427470749-light-curves
1078,,,,,,,,,661426013680-light-curves
1079,,,,,,,,,661434638357-light-curves
1080,,,,,,,,,103079286913-light-curves
1081,,,,,,,,,128850141936-light-curves
1082,,,,,,,,,661434912685-light-curves
1083,,,,,,,,,661434656771-light-curves
1084,,,,,,,,,661425676254-light-curves
1085,,,,,,,,,661430931948-light-curves
1086,,,,,,,,,661430795029-light-curves
1087,,,,,,,,,661426360790-light-curves
1088,,,,,,,,,644245657295-light-curves
1089,,,,,,,,,661432314076-light-curves
1090,,,,,,,,,661431412093-light-curves
1091,,,,,,,,,661431893834-light-curves
1092,,,,,,,,,128849250022-light-curves
1093,,,,,,,,,661435248613-light-curves
1094,,,,,,,,,240518563849-light-curves
1095,,,,,,,,,188979821123-light-curves
1096,,,,,,,,,120259142503-light-curves
1097,,,,,,,,,661431533610-light-curves
1098,,,,,,,,,661430423402-light-curves(1)
1099,,,,,,,,,661425669861-light-curves
1100,,,,,,,,,661430799299-light-curves
1101,,,,,,,,,309237839284-light-curves
1102,,,,,,,,,661434647691-light-curves
1103,,,,,,,,,146029908724-light-curves
1104,,,,,,,,,661430512725-light-curves
1105,,,,,,,,,137440134378-light-curves
1106,,,,,,,,,386547753303-light-curves
1107,,,,,,,,,661425651316-light-curves
1108,,,,,,,,,661426443378-light-curves
1109,,,,,,,,,163209472705-light-curves
1110,,,,,,,,,661434926516-light-curves
1111,,,,,,,,,266288185772-light-curves
1112,,,,,,,,,661425597240-light-curves
1113,,,,,,,,,661425874496-light-curves
1114,,,,,,,,,257699209614-light-curves
1115,,,,,,,,,661426937403-light-curves
1116,,,,,,,,,206159821885-light-curves
1117,,,,,,,,,661425755662-light-curves
1118,,,,,,,,,386547827015-light-curves
1119,,,,,,,,,661427263664-light-curves
1120,,,,,,,,,661434926461-light-curves
1121,,,,,,,,,85900138207-light-curves
1122,,,,,,,,,274878278625-light-curves
1123,,,,,,,,,403727336680-light-curves
1124,,,,,,,,,68720358029-light-curves
1125,,,,,,,,,661434926430-light-curves
1126,,,,,,,,,257698138575-light-curves
1127,,,,,,,,,661432313746-light-curves
1128,,,,,,,,,171799292942-light-curves
1129,,,,,,,,,206159770288-light-curves
1130,,,,,,,,,377958402691-light-curves
1131,,,,,,,,,661430842951-light-curves
1132,,,,,,,,,60130373479-light-curves
1133,,,,,,,,,661425743657-light-curves
1134,,,,,,,,,360777877912-light-curves
1135,,,,,,,,,661431729771-light-curves
1136,,,,,,,,,171799089683-light-curves
1137,,,,,,,,,146029268198-light-curves
1138,,,,,,,,,661431507960-light-curves
1139,,,,,,,,,661431174002-light-curves
1140,,,,,,,,,249108344820-light-curves
1141,,,,,,,,,171799868975-light-curves
1142,,,,,,,,,377957904514-light-curves
1143,,,,,,,,,661435059983-light-curves
1144,,,,,,,,,661426292533-light-curves
1145,,,,,,,,,661434926428-light-curves
1146,,,,,,,,,60130688636-light-curves
1147,,,,,,,,,661428776801-light-curves
1148,,,,,,,,,240519351410-light-curves
1149,,,,,,,,,661425958134-light-curves
1150,,,,,,,,,661430436473-light-curves
1151,,,,,,,,,661431955285-light-curves
1152,,,,,,,,,274878879403-light-curves
1153,,,,,,,,,60130413556-light-curves
1154,,,,,,,,,377958337184-light-curves
1155,,,,,,,,,85900014621-light-curves
1156,,,,,,,,,661431154940-light-curves
1157,,,,,,,,,309238507041-light-curves(1)
1158,,,,,,,,,661426155702-light-curves
1159,,,,,,,,,386547173433-light-curves
1160,,,,,,,,,635655383919-light-curves
1161,,,,,,,,,661425862137-light-curves
1162,,,,,,,,,111669462150-light-curves
1163,,,,,,,,,661432313951-light-curves
1164,,,,,,,,,661431968620-light-curves
1165,,,,,,,,,661426868554-light-curves
1166,,,,,,,,,661426164507-light-curves
1167,,,,,,,,,584116269737-light-curves
1168,,,,,,,,,661431025953-light-curves
1169,,,,,,,,,661434665730-light-curves
1170,,,,,,,,,566936048662-light-curves
1171,,,,,,,,,661430748737-light-curves
1172,,,,,,,,,34360402246-light-curves
1173,,,,,,,,,661432319629-light-curves
1174,,,,,,,,,661430607288-light-curves(3)
1175,,,,,,,,,661434926460-light-curves
1176,,,,,,,,,566936701999-light-curves
1177,,,,,,,,,120259390239-light-curves
1178,,,,,,,,,661425799075-light-curves
1179,,,,,,,,,146029798574-light-curves
1180,,,,,,,,,661427062411-light-curves
1181,,,,,,,,,128849835109-light-curves
1182,,,,,,,,,128850153156-light-curves
1183,,,,,,,,,214749271142-light-curves
1184,,,,,,,,,560067-light-curves
1185,,,,,,,,,661426994089-light-curves
1186,,,,,,,,,103079751565-light-curves
1187,,,,,,,,,661425723035-light-curves
1188,,,,,,,,,309238494016-light-curves
1189,,,,,,,,,661425708520-light-curves
1190,,,,,,,,,661425703382-light-curves
1191,,,,,,,,,51540379697-light-curves
1192,,,,,,,,,661426756933-light-curves
1193,,,,,,,,,661427191611-light-curves
1194,,,,,,,,,661430331765-light-curves
1195,,,,,,,,,223339568631-light-curves
1196,,,,,,,,,214748642926-light-curves
1197,,,,,,,,,506806759125-light-curves
1198,,,,,,,,,661427199212-light-curves
1199,,,,,,,,,257698108994-light-curves
1200,,,,,,,,,223339097284-light-curves
1201,,,,,,,,,17181246483-light-curves
1202,,,,,,,,,661426939597-light-curves
1203,,,,,,,,,661434753413-light-curves
1204,,,,,,,,,661425647598-light-curves
1205,,,,,,,,,661432322031-light-curves
1206,,,,,,,,,661434638504-light-curves
1207,,,,,,,,,352187551413-light-curves
1208,,,,,,,,,661434962316-light-curves
1209,,,,,,,,,661432314422-light-curves
1210,,,,,,,,,661430942633-light-curves
1211,,,,,,,,,661425804020-light-curves
1212,,,,,,,,,17180353153-light-curves
1213,,,,,,,,,249108848323-light-curves
1214,,,,,,,,,661432305326-light-curves
1215,,,,,,,,,661427173959-light-curves
1216,,,,,,,,,661434926487-light-curves
1217,,,,,,,,,601296372201-light-curves
1218,,,,,,,,,661434922312-light-curves
1219,,,,,,,,,661431236080-light-curves
1220,,,,,,,,,103080082019-light-curves
1221,,,,,,,,,661432004091-light-curves
1222,,,,,,,,,300648421684-light-curves
1223,,,,,,,,,420907600831-light-curves
1224,,,,,,,,,661430989272-light-curves
1225,,,,,,,,,661426140991-light-curves
1226,,,,,,,,,188978684743-light-curves
1227,,,,,,,,,661426609232-light-curves
1228,,,,,,,,,77309540933-light-curves
1229,,,,,,,,,661434635092-light-curves
1230,,,,,,,,,111670607320-light-curves
1231,,,,,,,,,352188336050-light-curves
1232,,,,,,,,,292059017189-light-curves
1233,,,,,,,,,17180969182-light-curves
1234,,,,,,,,,661434878458-light-curves
1235,,,,,,,,,515396305126-light-curves
1236,,,,,,,,,111670551136-light-curves
1237,,,,,,,,,644245125805-light-curves
1238,,,,,,,,,506807016385-light-curves
1239,,,,,,,,,240518487305-light-curves
1240,,,,,,,,,661431137132-light-curves
1241,,,,,,,,,17180246567-light-curves
1242,,,,,,,,,661434876857-light-curves
1243,,,,,,,,,661430476666-light-curves
1244,,,,,,,,,68720276790-light-curves
1245,,,,,,,,,300648158032-light-curves
1246,,,,,,,,,661431428889-light-curves
1247,,,,,,,,,661434659619-light-curves(1)
1248,,,,,,,,,661430669497-light-curves
1249,,,,,,,,,661432311514-light-curves
1250,,,,,,,,,257698688083-light-curves
1251,,,,,,,,,661430490724-light-curves
1252,,,,,,,,,292058112277-light-curves
1253,,,,,,,,,661431446057-light-curves
1254,,,,,,,,,85900091898-light-curves
1255,,,,,,,,,661426018228-light-curves
1256,,,,,,,,,197568943014-light-curves
1257,,,,,,,,,206159034732-light-curves
1258,,,,,,,,,661425723910-light-curves
1259,,,,,,,,,335008248658-light-curves
1260,,,,,,,,,163209210108-light-curves
1261,,,,,,,,,300648484201-light-curves
1262,,,,,,,,,661435046318-light-curves
1263,,,,,,,,,661430729427-light-curves
1264,,,,,,,,,661434667794-light-curves
1265,,,,,,,,,206159396538-light-curves
1266,,,,,,,,,25770547105-light-curves
1267,,,,,,,,,420907654997-light-curves
1268,,,,,,,,,661430420403-light-curves
1269,,,,,,,,,661427055793-light-curves
1270,,,,,,,,,661434926486-light-curves
1271,,,,,,,,,661426090680-light-curves
1272,,,,,,,,,360777415399-light-curves
1273,,,,,,,,,25770647399-light-curves
1274,,,,,,,,,661436250048-light-curves
1275,,,,,,,,,661430490571-light-curves
1276,,,,,,,,,429497788928-light-curves
1277,,,,,,,,,34361009645-light-curves(1)
1278,,,,,,,,,661434926502-light-curves
1279,,,,,,,,,661425588499-light-curves
1280,,,,,,,,,661430778005-light-curves
1281,,,,,,,,,309238755424-light-curves
1282,,,,,,,,,661434926475-light-curves
1283,,,,,,,,,661434659619-light-curves
1284,,,,,,,,,661426025490-light-curves
1285,,,,,,,,,661428907026-light-curves
1286,,,,,,,,,661425702367-light-curves
1287,,,,,,,,,661426515285-light-curves
1288,,,,,,,,,661437547079-light-curves
1289,,,,,,,,,661430839455-light-curves(1)
1290,,,,,,,,,661427446877-light-curves
1291,,,,,,,,,188979604926-light-curves
1292,,,,,,,,,292059086029-light-curves
1293,,,,,,,,,661427502554-light-curves
1294,,,,,,,,,661425786566-light-curves
1295,,,,,,,,,180388966567-light-curves
1296,,,,,,,,,8590552669-light-curves
1297,,,,,,,,,360777697279-light-curves
1298,,,,,,,,,463856617507-light-curves
1299,,,,,,,,,661426471256-light-curves
1300,,,,,,,,,283469199532-light-curves
1301,,,,,,,,,240519504366-light-curves
1302,,,,,,,,,317828703608-light-curves
1303,,,,,,,,,661434926476-light-curves
1304,,,,,,,,,661432039745-light-curves
1305,,,,,,,,,137440023749-light-curves
1306,,,,,,,,,188979819190-light-curves
1307,,,,,,,,,206159316173-light-curves
1308,,,,,,,,,661427387973-light-curves
1309,,,,,,,,,661432308251-light-curves
1310,,,,,,,,,661432305386-light-curves
1311,,,,,,,,,128849804428-light-curves
1312,,,,,,,,,661427420733-light-curves
1313,,,,,,,,,661431425625-light-curves
1314,,,,,,,,,60130527107-light-curves
1315,,,,,,,,,661430988687-light-curves
1316,,,,,,,,,386548012321-light-curves
1317,,,,,,,,,661434926485-light-curves
1318,,,,,,,,,661434618056-light-curves
1319,,,,,,,,,661434926518-light-curves
1320,,,,,,,,,661430910009-light-curves
1321,,,,,,,,,137440154067-light-curves
1322,,,,,,,,,300647838166-light-curves
1323,,,,,,,,,661434710320-light-curves
1324,,,,,,,,,266288184771-light-curves
1325,,,,,,,,,395138200640-light-curves
1326,,,,,,,,,120259666145-light-curves
1327,,,,,,,,,661432068992-light-curves
1328,,,,,,,,,661431878775-light-curves
1329,,,,,,,,,661425878464-light-curves
1330,,,,,,,,,506807066017-light-curves
1331,,,,,,,,,661430354689-light-curves
1332,,,,,,,,,627065593042-light-curves
1333,,,,,,,,,300648914069-light-curves
1334,,,,,,,,,661434647439-light-curves
1335,,,,,,,,,661430482948-light-curves
1336,,,,,,,,,661432032267-light-curves
1337,,,,,,,,,300648724800-light-curves
1338,,,,,,,,,661430481023-light-curves
1339,,,,,,,,,661425593007-light-curves
1340,,,,,,,,,661431637940-light-curves
1341,,,,,,,,,146029983588-light-curves
1342,,,,,,,,,661431035657-light-curves
1343,,,,,,,,,661429619166-light-curves
1344,,,,,,,,,94489299582-light-curves
1345,,,,,,,,,661431251526-light-curves
1346,,,,,,,,,661430458403-light-curves
1347,,,,,,,,,661431056662-light-curves
1348,,,,,,,,,317827603817-light-curves
1349,,,,,,,,,575525742980-light-curves
1350,,,,,,,,,661434926484-light-curves
1351,,,,,,,,,661429062905-light-curves
1352,,,,,,,,,661434926477-light-curves
1353,,,,,,,,,661427266510-light-curves
1354,,,,,,,,,661434975725-light-curves
1355,,,,,,,,,661434876324-light-curves
1356,,,,,,,,,661430623666-light-curves
1357,,,,,,,,,223339659736-light-curves
1358,,,,,,,,,343597792441-light-curves
1359,,,,,,,,,661430841150-light-curves(1)
1360,,,,,,,,,137440053666-light-curves
1361,,,,,,,,,661430527795-light-curves
1362,,,,,,,,,17181246677-light-curves
1363,,,,,,,,,661426233479-light-curves
1364,,,,,,,,,661430607288-light-curves(1)
1365,,,,,,,,,661431128464-light-curves
1366,,,,,,,,,352188345404-light-curves
1367,,,,,,,,,661427404576-light-curves(2)
1368,,,,,,,,,249108712055-light-curves
1369,,,,,,,,,661425693827-light-curves
1370,,,,,,,,,137440132936-light-curves
1371,,,,,,,,,103079640038-light-curves
1372,,,,,,,,,661432307992-light-curves
1373,,,,,,,,,661426596260-light-curves
1374,,,,,,,,,661437762076-light-curves(1)
1375,,,,,,,,,188979599773-light-curves
1376,,,,,,,,,661430611270-light-curves
1377,,,,,,,,,661425681648-light-curves
1378,,,,,,,,,455266761353-light-curves
1379,,,,,,,,,85899416429-light-curves
1380,,,,,,,,,231929498057-light-curves
1381,,,,,,,,,111669380463-light-curves
1382,,,,,,,,,171799477903-light-curves
1383,,,,,,,,,661426788495-light-curves
1384,,,,,,,,,68720439759-light-curves
1385,,,,,,,,,661432020124-light-curves
1386,,,,,,,,,661430938474-light-curves
1387,,,,,,,,,661430040072-light-curves
1388,,,,,,,,,661427446542-light-curves
1389,,,,,,,,,661431367249-light-curves
1390,,,,,,,,,154620015930-light-curves
1391,,,,,,,,,609886332879-light-curves(1)
1392,,,,,,,,,661431325014-light-curves
1393,,,,,,,,,661425772124-light-curves
1394,,,,,,,,,515396644535-light-curves
1395,,,,,,,,,25770908944-light-curves
1396,,,,,,,,,206158710877-light-curves
1397,,,,,,,,,661431180991-light-curves
1398,,,,,,,,,103079776947-light-curves
1399,,,,,,,,,661431933652-light-curves
1400,,,,,,,,,661427376726-light-curves
1401,,,,,,,,,661434926471-light-curves
1402,,,,,,,,,661434926420-light-curves
1403,,,,,,,,,661430726758-light-curves
1404,,,,,,,,,661426211256-light-curves
1405,,,,,,,,,661426183459-light-curves
1406,,,,,,,,,661434926506-light-curves
1407,,,,,,,,,395137232801-light-curves
1408,,,,,,,,,197569319556-light-curves
1409,,,,,,,,,214749500174-light-curves
1410,,,,,,,,,128849731792-light-curves
1411,,,,,,,,,661434926482-light-curves
1412,,,,,,,,,42949996625-light-curves
1413,,,,,,,,,541166392031-light-curves
1414,,,,,,,,,661427006745-light-curves
1415,,,,,,,,,661432039038-light-curves
1416,,,,,,,,,661427356637-light-curves
1417,,,,,,,,,214749551687-light-curves
1418,,,,,,,,,395138197723-light-curves
1419,,,,,,,,,171799895392-light-curves
1420,,,,,,,,,111669646438-light-curves
1421,,,,,,,,,661425772596-light-curves
1422,,,,,,,,,661434926439-light-curves
1423,,,,,,,,,661429841259-light-curves
1424,,,,,,,,,661432042075-light-curves
1425,,,,,,,,,326417795140-light-curves
1426,,,,,,,,,188979403764-light-curves(1)
1427,,,,,,,,,661430852602-light-curves
1428,,,,,,,,,77310608380-light-curves
1429,,,,,,,,,661430423402-light-curves(2)
1430,,,,,,,,,300648581855-light-curves
1431,,,,,,,,,661432308174-light-curves
1432,,,,,,,,,42949853636-light-curves
1433,,,,,,,,,661434635092-light-curves(1)
1434,,,,,,,,,8590856226-light-curves
1435,,,,,,,,,661426827233-light-curves
1436,,,,,,,,,661437405315-light-curves
1437,,,,,,,,,661426849925-light-curves
1438,,,,,,,,,403727185009-light-curves
1439,,,,,,,,,661434922316-light-curves
1440,,,,,,,,,231929173352-light-curves
1441,,,,,,,,,661434926483-light-curves
1442,,,,,,,,,661431957955-light-curves
1443,,,,,,,,,146030063012-light-curves
1444,,,,,,,,,240519491280-light-curves
1445,,,,,,,,,661434926470-light-curves
1446,,,,,,,,,523986974127-light-curves
1447,,,,,,,,,137439650478-light-curves
1448,,,,,,,,,25770690235-light-curves
1449,,,,,,,,,661431075389-light-curves
1450,,,,,,,,,661431098752-light-curves
1451,,,,,,,,,661434926421-light-curves
1452,,,,,,,,,661436723939-light-curves
1453,,,,,,,,,661430447825-light-curves
1454,,,,,,,,,661432304992-light-curves
1455,,,,,,,,,661426074846-light-curves
1456,,,,,,,,,592706544225-light-curves
1457,,,,,,,,,661432311744-light-curves
1458,,,,,,,,,661434975041-light-curves
1459,,,,,,,,,523986862869-light-curves
1460,,,,,,,,,369367876403-light-curves
1461,,,,,,,,,343598513470-light-curves
1462,,,,,,,,,489626899941-light-curves
1463,,,,,,,,,661427223502-light-curves
1464,,,,,,,,,292058156304-light-curves
1465,,,,,,,,,429497205454-light-curves
1466,,,,,,,,,206159034732-light-curves(1)
1467,,,,,,,,,42949755960-light-curves
1468,,,,,,,,,249109148881-light-curves
1469,,,,,,,,,180388821724-light-curves
1470,,,,,,,,,661430335764-light-curves
1471,,,,,,,,,8590570583-light-curves
1472,,,,,,,,,231928865687-light-curves
1473,,,,,,,,,154619322675-light-curves
1474,,,,,,,,,661434972134-light-curves
1475,,,,,,,,,644245938712-light-curves
1476,,,,,,,,,163209330966-light-curves
1477,,,,,,,,,34361013180-light-curves
1478,,,,,,,,,386547768235-light-curves
1479,,,,,,,,,395137954643-light-curves
1480,,,,,,,,,661427501748-light-curves
1481,,,,,,,,,661434950158-light-curves
1482,,,,,,,,,661431616722-light-curves
1483,,,,,,,,,34360900140-light-curves(1)
1484,,,,,,,,,335008263820-light-curves
1485,,,,,,,,,661434591035-light-curves
1486,,,,,,,,,188979095334-light-curves
1487,,,,,,,,,103080339755-light-curves
1488,,,,,,,,,661425786735-light-curves
1489,,,,,,,,,661431193472-light-curves
1490,,,,,,,,,111670115454-light-curves
1491,,,,,,,,,661427405287-light-curves
1492,,,,,,,,,249108865889-light-curves
1493,,,,,,,,,128849582065-light-curves
1494,,,,,,,,,472446551938-light-curves
1495,,,,,,,,,661430423402-light-curves
1496,,,,,,,,,661426034782-light-curves
1497,,,,,,,,,463857655331-light-curves
1498,,,,,,,,,661425940624-light-curves
1499,,,,,,,,,661426030603-light-curves
1500,,,,,,,,,661426106124-light-curves
1501,,,,,,,,,111670159609-light-curves
1502,,,,,,,,,283468378505-light-curves
1503,,,,,,,,,661431563832-light-curves
1504,,,,,,,,,661437762076-light-curves
1505,,,,,,,,,103079712253-light-curves
1506,,,,,,,,,352187380967-light-curves
1507,,,,,,,,,661434888804-light-curves
1508,,,,,,,,,661430407712-light-curves
1509,,,,,,,,,661425872429-light-curves
1510,,,,,,,,,661427130915-light-curves
1511,,,,,,,,,77310861614-light-curves
1512,,,,,,,,,661426069519-light-curves
1513,,,,,,,,,214748642181-light-curves
1514,,,,,,,,,661432321888-light-curves
1515,,,,,,,,,661430507865-light-curves
1516,,,,,,,,,68720314863-light-curves
1517,,,,,,,,,429497595386-light-curves
1518,,,,,,,,,661427483512-light-curves
1519,,,,,,,,,369368280672-light-curves
1520,,,,,,,,,111669481009-light-curves
1521,,,,,,,,,42949800398-light-curves
1522,,,,,,,,,111669578802-light-curves
1523,,,,,,,,,171798923269-light-curves
1524,,,,,,,,,661427507150-light-curves
1525,,,,,,,,,661432295952-light-curves
1526,,,,,,,,,661434922315-light-curves
1527,,,,,,,,,661427357064-light-curves
1528,,,,,,,,,257698235287-light-curves
1529,,,,,,,,,661425672653-light-curves
1530,,,,,,,,,661432076263-light-curves
1531,,,,,,,,,661430429453-light-curves
1532,,,,,,,,,661430382369-light-curves
1533,,,,,,,,,326417921985-light-curves
1534,,,,,,,,,180389608759-light-curves
1535,,,,,,,,,661431644355-light-curves
1536,,,,,,,,,111670621747-light-curves
1537,,,,,,,,,661430461327-light-curves
1538,,,,,,,,,661430498125-light-curves
1539,,,,,,,,,120260228510-light-curves
1540,,,,,,,,,120259577284-light-curves
1541,,,,,,,,,661430474500-light-curves
1542,,,,,,,,,661426169302-light-curves
1543,,,,,,,,,137439994606-light-curves
1544,,,,,,,,,661425945881-light-curves
1545,,,,,,,,,661430715830-light-curves
1546,,,,,,,,,661434661847-light-curves
1547,,,,,,,,,223338783577-light-curves
1548,,,,,,,,,661426093110-light-curves
1549,,,,,,,,,360778233240-light-curves
1550,,,,,,,,,360778267232-light-curves
1551,,,,,,,,,257698143968-light-curves
1552,,,,,,,,,103080262389-light-curves
1553,,,,,,,,,661435085698-light-curves
1554,,,,,,,,,85899706306-light-curves
1555,,,,,,,,,661434611920-light-curves
1556,,,,,,,,,661431346907-light-curves
1557,,,,,,,,,661434926359-light-curves
1558,,,,,,,,,661427410390-light-curves
1559,,,,,,,,,206158976229-light-curves
1560,,,,,,,,,661431062555-light-curves
1561,,,,,,,,,515397207916-light-curves
1562,,,,,,,,,283467877327-light-curves
1563,,,,,,,,,661425693082-light-curves
1564,,,,,,,,,429497864183-light-curves
1565,,,,,,,,,661431205094-light-curves
1566,,,,,,,,,575525907634-light-curves
1567,,,,,,,,,137440343662-light-curves
1568,,,,,,,,,85899559304-light-curves
1569,,,,,,,,,661425698836-light-curves
1570,,,,,,,,,661431245089-light-curves
1571,,,,,,,,,661430827208-light-curves
1572,,,,,,,,,377958410970-light-curves
1573,,,,,,,,,661436212526-light-curves
1574,,,,,,,,,661430650482-light-curves
1575,,,,,,,,,34360275632-light-curves
1576,,,,,,,,,661426241663-light-curves
1577,,,,,,,,,661425820978-light-curves
1578,,,,,,,,,661434890699-light-curves
1579,,,,,,,,,661430474291-light-curves
1580,,,,,,,,,661431844040-light-curves
1581,,,,,,,,,128850207498-light-curves
1582,,,,,,,,,661426184789-light-curves
1583,,,,,,,,,274878100760-light-curves
1584,,,,,,,,,661430857610-light-curves
1585,,,,,,,,,395138009718-light-curves
1586,,,,,,,,,661425834831-light-curves
1587,,,,,,,,,661434912276-light-curves
1588,,,,,,,,,661425791542-light-curves
1589,,,,,,,,,661434920628-light-curves
1590,,,,,,,,,661434888138-light-curves
1591,,,,,,,,,214749086449-light-curves
1592,,,,,,,,,111670115454-light-curves(2)
1593,,,,,,,,,326418289419-light-curves
1594,,,,,,,,,661427301122-light-curves
1595,,,,,,,,,661432307576-light-curves
1596,,,,,,,,,652835427803-light-curves
1597,,,,,,,,,317827801552-light-curves
1598,,,,,,,,,300648432449-light-curves
1599,,,,,,,,,532576473157-light-curves
1600,,,,,,,,,661434926472-light-curves
1601,,,,,,,,,661436966717-light-curves
1602,,,,,,,,,300648002218-light-curves
1603,,,,,,,,,300648290941-light-curves(1)
